Column1,Column2,Column3,Column4
0.9133309150489679,0.6943596281452867,-0.40570261596797147,-0.661173070234471
0.9982723490363504,0.9966805946784437,0.9803755294363837,0.9223931339255318
0.9998968666340143,0.9999519889503128,0.9997806225691651,0.9991466969344052
